[
	{
		"name": "Test Strategic Machines",
		"email": "dangorlov@yahoo.com",
		"firstName": "",
    	"surname": "",
	    "addressLine1": "",
    	"addressLine2": "",
		"city": "",
		"state": "",
		"zip": "",
		"description": "Test db with primary auth records for orgs and marketplace collections",
		"collections": ["platform", "partners", "workitems"],
		"contact": "ChaoticRoute",
		"sms": "",
		"web": "demo",
		"db": "machines",
		"dbname": "",
		"dbConnected": false,
		"uri": "mongodb://localhost:27017/",
		"username": "",
		"password": "",
		"stripeCustomerId": "",
		"isPlatform": true,
		"isLive": false,
		"clientId": ""
	}

]
